﻿コース名、分野/科目名,最低限必要な単位数の合計
スタートアップセミナー,2
人間を考える・共生を考える,2
山形から考える,2
サイエンス・スキル+自然と化学,6
文化と社会+キャリアデザイン,8
英語１,2
情報エレクトロニクス入門,2
専門教育科目,6
文化と社会+キャリアデザイン,4
微分積分学Ⅰ+微分積分学Ⅱ,2
文化と社会+キャリアデザイン+自然と科学+サイエンス・スキル+応用と学際+健康・スポーツ,14
