﻿コース名、分野/科目名,最低限必要な単位数の合計
スタートアップセミナー,2,
人間を考える・共生を考える,2,
山形から考える,2,
文化と社会+キャリアデザイン,8,
サイエンス・スキル+自然と化学,6,
情報処理,2
英語１,4,
英語２,2,
情報エレクトロニクス入門,2,
専門教育科目,74,
文化と社会+キャリアデザイン,4,
微分積分学Ⅰ+微分積分学Ⅱ,2,
文化と社会+キャリアデザイン+自然と科学+サイエンス・スキル+応用と学際+健康・スポーツ,20,
演習+実習+実験,24
計算機基礎,2
情報理論,2
論理回路,2
確率概論,2
データ構造とアルゴリズム,2